<!doctype html><html itemscope="" itemtype="http://schema.org/SearchResultsPage" lang="en"><head><meta content="text/html; charset=UTF-8" http-equiv="Content-Type"><meta content="/images/branding/googleg/1x/googleg_standard_color_128dp.png" itemprop="image"><link href="/images/branding/product/ico/googleg_lodp.ico" rel="shortcut icon"><title>NASDAQ:AMZN - Google Search</title><style>#gbar,#guser{font-size:13px;padding-top:1px !important;}#gbar{height:22px}#guser{padding-bottom:7px !important;text-align:right}.gbh,.gbd{border-top:1px solid #c9d7f1;font-size:1px}.gbh{height:0;position:absolute;top:24px;width:100%}@media all{.gb1{height:22px;margin-right:.5em;vertical-align:top}#gbar{float:left}}a.gb1,a.gb4{text-decoration:underline !important}a.gb1,a.gb4{color:#00c !important}.gbi .gb4{color:#dd8e27 !important}.gbf .gb4{color:#900 !important} </style><style>.star{float:left;margin-top:1px;overflow:hidden}._yhd{font-size:11px}.j{width:34em}body,td,div,.p,a{font-family:arial,sans-serif;tap-highlight-color:rgba(255,255,255,0)}body{margin:0}a img{border:0}#gbar{float:left;height:22px;padding-left:2px;font-size:13px}.gsfi,.gsfs{font-size:17px}.w,.q:active,.q:visited,.tbotu{color:#11c}a.gl{text-decoration:none}#foot{padding:0 8px}#foot a{white-space:nowrap}h3{font-size:16px;font-weight:normal;margin:0;padding:0}#res h3{display:inline}.hd{height:1px;position:absolute;top:-1000em}.g,body,html,table,.std{font-size:13px}.g{margin-bottom:23px;margin-top:0;zoom:1}ol li,ul li{list-style:none}h1,ol,ul,li{margin:0;padding:0}.e{margin:2px 0 0.75em}#leftnav a{text-decoration:none}#leftnav h2{color:#767676;font-weight:normal;margin:0}#nav{border-collapse:collapse;margin-top:17px;text-align:left}#nav td{text-align:center}.nobr{white-space:nowrap}.ts{border-collapse:collapse}.s br{display:none}.csb{display:block;height:40px}.images_table td{line-height:17px;padding-bottom:16px}.images_table img{border:1px solid #ccc;padding:1px}#tbd,#abd{display:block;min-height:1px}#abd{padding-top:3px}#tbd li{display:inline}._ITd,._JTd{margin-bottom:8px}#tbd .tbt li{display:block;font-size:13px;line-height:1.2;padding-bottom:3px;padding-left:8px;text-indent:-8px}.tbos,.b{font-weight:bold}em{font-weight:bold;font-style:normal}.mime{color:#1a0dab;font-weight:bold;font-size:x-small}.soc a{text-decoration:none}.soc{color:#808080}._kgd{color:#e7711b}#_vBb{border:1px solid #e0e0e0;margin-left:-8px;margin-right:-8px;padding:15px 20px 5px}._m3b{font-size:32px}._eGc{color:#777;font-size:16px;margin-top:5px}._H0d{color:#777;font-size:14px;margin-top:5px}._HLh{border:1px solid #e0e0e0;padding-left:20px}._Tki{border:1px solid #e0e0e0;padding:5px 20px}#vob{border:1px solid #e0e0e0;padding:15px 15px}#_Nyc{font-size:22px;line-height:22px;padding-bottom:5px}#vob_st{line-height:1.24}._Tsb{border-width:1px;border-style:solid;border-color:#eee;background-color:#fff;position:relative;margin-bottom:26px}._Peb,._Qeb,._Usb{font-family:Arial;font-weight:lighter}._Peb{margin-bottom:5px}._Peb{font-size:xx-large}._Qeb{font-size:medium}._Usb{font-size:small}._Tsb{margin-left:-8px;margin-right:-15px;padding:20px 20px 24px}._rOc{border-spacing:0px 2px}._sOc{max-width:380px;text-overflow:ellipsis;white-space:nowrap;overflow:hidden;padding-left:0px}._v9b{padding-left:15px;white-space:nowrap;color:#666}._pOc{padding-left:0px}._rkc{color:#212121}._HOb{color:#878787}._lMf{color:#093}._jMf{color:#c00}._kMf{padding:1px}._CKg{color:#dd4b39}.gssb_a{padding:0 10px !important}.gssb_c{left:132px !important;right:295px !important;top:78px !important;width:572px !important}.gssb_c table{font-size:16px !important}.gssb_e{border:1px solid #ccc !important;border-top-color:#d9d9d9 !important}.gssb_i{background:#eee !important}#res{padding:0 8px}#rhs_block{padding-top:43px}#_FQd{padding:0 8px}#subform_ctrl{font-size:11px;height:17px;margin:5px 3px 0 17px}.taf{padding-bottom:3px}._chd{padding:20px 0 3px}._bhd{padding:20px 0 3px}#topstuff .e{padding-bottom:6px}.slk .sld{width:250px}.slk{margin-bottom:-3px}.slk ._z3b{padding-bottom:5px;width:250px}.ac,.st{line-height:1.24}.mfr,#ofr{font-size:16px;margin:1em 0;padding:0 8px}._tLi{padding-bottom:25px}.s{color:#545454}.ac{color:#545454}a.fl,._cD a,.osl a{color:#1a0dab;text-decoration:none}a:link{color:#1a0dab;cursor:pointer}#tads a:link{color:#1a0dab}#tads .soc a:link{color:#808080}a:visited{color:#61C}.blg a{text-decoration:none}cite,cite a:link{color:#006621;font-style:normal}#tads cite{color:#006621}.kv{font-size:15px}.kvs{margin-top:1px}.kv,.kvs,.slp{display:block;margin-bottom:1px}.kt{border-spacing:2px 0;margin-top:1px}.f{color:#808080}._pJb{color:#093}h4.r{display:inline;font-size:small;font-weight:normal}.g{line-height:1.2}._sPb{display:inline-block;vertical-align:top;overflow:hidden;position:relative}._Gnc{margin:0 0 2em 1.3em}._Gnc li{list-style-type:disc}.osl{color:#777;margin-top:4px}.r{font-size:16px;margin:0}.spell{font-size:16px}.spell_orig{font-size:13px}.spell_orig a{text-decoration:none}.spell_orig b i{font-style:normal;font-weight:normal}.th{border:1px solid #ebebeb}.ts td{padding:0}.videobox{padding-bottom:3px}.slk a{text-decoration:none}#leftnav a:hover,#leftnav .tbou a:hover,.slk h3 a,a:hover{text-decoration:underline}#mn{table-layout:fixed;width:100%}#leftnav a{color:#222;font-size:13px}#leftnav{padding:43px 4px 4px 0}.tbos{color:#dd4b39}.tbt{margin-bottom:28px}#tbd{padding:0 0 0 16px}.tbou a{color:#222}#center_col{border:0;padding:0 8px 0 0}#topstuff .e{padding-top:3px}#topstuff .sp_cnt{padding-top:6px}#ab_name{color:#dd4b39;font:20px "Arial";margin-left:15px}#resultStats{color:#999;font-size:13px;overflow:hidden;white-space:nowrap}.mslg>td{padding-right:1px;padding-top:2px}.slk .sld{margin-top:2px;padding:5px 0 5px 5px}.fmp{padding-top:3px}.close_btn{overflow:hidden}#fll a,#bfl a{color:#1a0dab !important;margin:0 12px;text-decoration:none !important}.ng{color:#dd4b39}#mss{margin:.33em 0 0;padding:0;display:table}._mY{display:inline-block;float:left;white-space:nowrap;padding-right:16px}#mss p{margin:0;padding-top:5px}.tn{border-bottom:1px solid #ebebeb;display:block;float:left;height:59px;line-height:54px;min-width:980px;padding:0;position:relative;white-space:nowrap}._UXb,a._UXb{color:#777;cursor:pointer;display:inline-block;font-family:arial,sans-serif;font-size:small;height:54px;line-height:54px;margin:0 8px;padding:0 8px;text-decoration:none;white-space:nowrap}._Ihd{border-bottom:3px solid #dd4b39;color:#dd4b39;font-weight:bold;margin:2px 8px 0}a._Jhd:hover{color:black;text-decoration:none;white-space:nowrap}body{margin:0;padding:0}._sxc{display:inline-block;float:left;margin-top:2px}._Hhd,a._Hhd{margin-left:1px}.sd{line-height:43px;padding:0 8px 0 9px}a:active,.osl a:active,.tbou a:active,#leftnav a:active{color:#dd4b39}#bfl a:active{color:#dd4b39 !important}.csb{background:url(/images/nav_logo229.png) no-repeat;overflow:hidden}.close_btn{background:url(/images/nav_logo229.png) no-repeat -138px -84px;height:14px;width:14px;display:block}.star{background:url(/images/nav_logo229.png) no-repeat -94px -245px;height:13px;width:65px;display:block}.star div,.star span{background:url(/images/nav_logo229.png) no-repeat 0 -245px;height:13px;width:65px;display:block}._nBb{display:inline;margin:0 3px;outline-color:transparent;overflow:hidden;position:relative}._nBb>div{outline-color:transparent}._O0{border-color:transparent;border-style:solid dashed dashed;border-top-color:green;border-width:4px 4px 0 4px;cursor:pointer;display:inline-block;font-size:0;height:0;left:4px;line-height:0;outline-color:transparent;position:relative;top:-3px;width:0}._O0{margin-top:-4px}.am-dropdown-menu{display:block;background:#fff;border:1px solid #dcdcdc;font-size:13px;left:0;padding:0;position:absolute;right:auto;white-space:nowrap;z-index:3}._Ykb{list-style:none;white-space:nowrap}._Ykb:hover{background-color:#eee}a._Zkb{color:#333;cursor:pointer;display:block;padding:7px 18px;text-decoration:none}#tads a._Zkb{color:#333}.sfbgg{background:#f1f1f1;border-bottom:1px solid #e5e5e5;height:71px}#logocont{z-index:1;padding-left:4px;padding-top:4px}#logo{display:block;height:49px;margin-top:12px;margin-left:12px;overflow:hidden;position:relative;width:137px}#logo img{left:0;position:absolute;top:-41px}.lst-a{background:white;border:1px solid #d9d9d9;border-top-color:silver;width:570px}.lst-a:hover{border:1px solid #b9b9b9;border-top:1px solid #a0a0a0;box-shadow:inset 0 1px 2px rgba(0,0,0,0.1);-webkit-box-shadow:inset 0 1px 2px rgba(0,0,0,0.1);-moz-box-shadow:inset 0 1px 2px rgba(0,0,0,0.1)}.lst-td{border:none;padding:0}.tia input{border-right:none;padding-right:0}.tia{padding-right:0}.lst{background:none;border:none;color:#000;font:16px arial,sans-serif;float:left;height:22px;margin:0;padding:3px 6px 2px 9px;vertical-align:top;width:100%;word-break:break-all}.lst:focus{outline:none}.lst-b{background:none;border:none;height:26px;padding:0 6px 0 12px}.ds{border-right:1px solid #e7e7e7;position:relative;height:29px;margin-left:17px;z-index:100}.lsbb{background-image:-moz-linear-gradient(top,#4d90fe,#4787ed);background-image:-ms-linear-gradient(top,#4d90fe,#4787ed);background-image:-o-linear-gradient(top,#4d90fe,#4787ed);background-image:-webkit-gradient(linear,left top,left bottom,from(#4d90fe),to(#4787ed));background-image:-webkit-linear-gradient(top,#4d90fe,#4787ed);background-image:linear-gradient(top,#4d90fe,#4787ed);border:1px solid #3079ed;border-radius:2px;background-color:#4d90fe;height:27px;width:68px}.lsbb:hover{background-image:-moz-linear-gradient(top,#4d90fe,#357ae8);background-image:-ms-linear-gradient(top,#4d90fe,#357ae8);background-image:-o-linear-gradient(top,#4d90fe,#357ae8);background-image:-webkit-gradient(linear,left top,left bottom,from(#4d90fe),to(#357ae8));background-image:-webkit-linear-gradient(top,#4d90fe,#357ae8);background-color:#357ae8;background-image:linear-gradient(top,#4d90fe,#357ae8);border:1px solid #2f5bb7}.lsb{background:transparent;background-position:0 -343px;background-repeat:repeat-x;border:none;color:#000;cursor:default;font:15px arial,sans-serif;height:29px;margin:0;vertical-align:top;width:100%}.lsb:active{-moz-box-shadow:inset 0 1px 2px rgba(0,0,0,0.3);-webkit-box-shadow:inset 0 1px 2px rgba(0,0,0,0.3);box-shadow:inset 0 1px 2px rgba(0,0,0,0.3);background:transparent;color:transparent;overflow:hidden;position:relative;width:100%}.sbico{color:transparent;display:inline-block;height:15px;margin:0 auto;margin-top:2px;width:15px;overflow:hidden}</style><script>(function(){window.google={kEI:'IWYfWq25E5GRjwTW26CQDQ',kEXPI:'201806,1352552,1354277,1354916,1355173,1355526,1355609,1355735,1355770,1355792,1355893,1356033,1356078,1356631,3700062,3700323,3700440,3700489,4029815,4031109,4043492,4045841,4048347,4063220,4071908,4071912,4076999,4079954,4081039,4081164,4095909,4096834,4097147,4097922,4097929,4098733,4098740,4098752,4102238,4102827,4103210,4103475,4103845,4103861,4104258,4107914,4109316,4109489,4111691,4113217,4115697,4116724,4116731,4116926,4116927,4116935,4117328,4117980,4118226,4118798,4119032,4119034,4119036,4120415,4120660,4121175,4121518,4121806,4122382,4123830,4123850,4124091,4124850,4125837,4126201,4126754,4126869,4127744,4128588,4128624,4129001,4129520,4129555,4129633,4130514,4130560,4130782,4131073,4131834,4132956,4133090,4133113,4133274,4133415,4133509,4133751,4133752,4134269,4134948,4135088,4135249,4135576,4135744,4135854,4135934,4135952,4136073,4137098,4137110,4137461,4137463,4137597,4137646,4138341,4138431,4138734,4138854,4138862,4139007,4139436,4139470,4139701,4139969,4140241,4141049,4141240,4141254,4141393,4141473,4141726,4141740,4142234,4142326,4142328,4142420,4142492,4142503,4142607,4142610,4142729,4142834,4142918,4143132,4143278,4143297,4143812,4144306,4144342,6512436,10200083,10202524,10202543,10202562,41317155',authuser:0,kscs:'c9c918f0_IWYfWq25E5GRjwTW26CQDQ',u:'c9c918f0',kGL:'US'};google.kHL='en';})();(function(){google.lc=[];google.li=0;google.getEI=function(a){for(var b;a&&(!a.getAttribute||!(b=a.getAttribute("eid")));)a=a.parentNode;return b||google.kEI};google.getLEI=function(a){for(var b=null;a&&(!a.getAttribute||!(b=a.getAttribute("leid")));)a=a.parentNode;return b};google.https=function(){return"https:"==window.location.protocol};google.ml=function(){return null};google.wl=function(a,b){try{google.ml(Error(a),!1,b)}catch(d){}};google.time=function(){return(new Date).getTime()};google.log=function(a,b,d,c,g){if(a=google.logUrl(a,b,d,c,g)){b=new Image;var e=google.lc,f=google.li;e[f]=b;b.onerror=b.onload=b.onabort=function(){delete e[f]};google.vel&&google.vel.lu&&google.vel.lu(a);b.src=a;google.li=f+1}};google.logUrl=function(a,b,d,c,g){var e="",f=google.ls||"";d||-1!=b.search("&ei=")||(e="&ei="+google.getEI(c),-1==b.search("&lei=")&&(c=google.getLEI(c))&&(e+="&lei="+c));c="";!d&&google.cshid&&-1==b.search("&cshid=")&&(c="&cshid="+google.cshid);a=d||"/"+(g||"gen_204")+"?atyp=i&ct="+a+"&cad="+b+e+f+"&zx="+google.time()+c;/^http:/i.test(a)&&google.https()&&(google.ml(Error("a"),!1,{src:a,glmm:1}),a="");return a};}).call(this);(function(){google.y={};google.x=function(a,b){if(a)var c=a.id;else{do c=Math.random();while(google.y[c])}google.y[c]=[a,b];return!1};google.lm=[];google.plm=function(a){google.lm.push.apply(google.lm,a)};google.lq=[];google.load=function(a,b,c){google.lq.push([[a],b,c])};google.loadAll=function(a,b){google.lq.push([a,b])};}).call(this);google.f={};(function(){var b={gen204:"dcl",clearcut:4};var c=[function(){google.c&&google.tick("load",b)}];google.dcl=!1;google.dclc=function(a){google.dcl?a():c.push(a)};function d(){if(!google.dcl){google.dcl=!0;for(var a;a=c.shift();)a()}}window.addEventListener?(document.addEventListener("DOMContentLoaded",d,!1),window.addEventListener("load",d,!1)):window.attachEvent&&window.attachEvent("onload",d);}).call(this);</script><script type="text/javascript"></script><script>(function(){google.sham=function(c){for(var d=c.parentElement,a=null,b=0;b<d.childNodes.length;b++){var e=d.childNodes[b];-1<(" "+e.className+" ").indexOf(" am-dropdown-menu ")&&(a=e)}"none"==a.style.display?(a.style.display="",google.log("hpam","&ved="+c.getAttribute("data-ved"))):a.style.display="none"};}).call(this);(function(){var a=[];google.jsc={xx:a,x:function(b){a.push(b)}};}).call(this);</script></head><body class="hsrp" bgcolor="#ffffff" marginheight="0" marginwidth="0" topmargin="0"><div id=gbar><nobr><b class=gb1>Search</b> <a class=gb1 href="http://www.google.com/search?hl=en&tbm=isch&source=og&tab=wi">Images</a> <a class=gb1 href="http://maps.google.com/maps?hl=en&tab=wl">Maps</a> <a class=gb1 href="https://play.google.com/?hl=en&tab=w8">Play</a> <a class=gb1 href="http://www.youtube.com/results?gl=US&tab=w1">YouTube</a> <a class=gb1 href="http://news.google.com/nwshp?hl=en&tab=wn">News</a> <a class=gb1 href="https://mail.google.com/mail/?tab=wm">Gmail</a> <a class=gb1 href="https://drive.google.com/?tab=wo">Drive</a> <a class=gb1 style="text-decoration:none" href="https://www.google.com/intl/en/options/"><u>More</u> &raquo;</a></nobr></div><div id=guser width=100%><nobr><span id=gbn class=gbi></span><span id=gbf class=gbf></span><span id=gbe></span><a href="http://www.google.com/history/optout?hl=en" class=gb4>Web History</a> | <a  href="/preferences?hl=en" class=gb4>Settings</a> | <a target=_top id=gb_70 href="https://accounts.google.com/ServiceLogin?hl=en&passive=true&continue=http://www.google.com/search%3Fq%3DNASDAQ:AMZN" class=gb4>Sign in</a></nobr></div><div class=gbh style=left:0></div><div class=gbh style=right:0></div><table id="mn" border="0" cellpadding="0" cellspacing="0" style="position:relative"><tr><th width="132"></th><th width="573"></th><th width="278"></th><th></th></tr><tr><td class="sfbgg" valign="top"><div id="logocont"><h1><a href="/webhp?hl=en" style="background:url(/images/nav_logo229.png) no-repeat 0 -41px;height:37px;width:95px;display:block" id="logo" title="Go to Google Home"></a></h1></div></td><td class="sfbgg" colspan="2" valign="top" style="padding-left:0px"><form style="display:block;margin:0;background:none" action="/search" id="tsf" method="GET" name="gs"><table border="0" cellpadding="0" cellspacing="0" style="margin-top:20px;position:relative"><tr><td><div class="lst-a"><table cellpadding="0" cellspacing="0"><tr><td class="lst-td" width="555" valign="bottom"><div style="position:relative;zoom:1"><input class="lst" value="NASDAQ:AMZN" title="Search" autocomplete="off" id="sbhost" maxlength="2048" name="q" type="text"></div></td></tr></table></div></td><td><div class="ds"><div class="lsbb"><button class="lsb" value="Search" name="btnG" type="submit"><span class="sbico" style="background:url(/images/nav_logo229.png) no-repeat -36px -111px;height:14px;width:13px;display:block"></span></button></div></div></td></tr></table></form></td><td class="sfbgg">&nbsp;</td></tr><tr style="position:relative"><td><div style="border-bottom:1px solid #ebebeb;height:59px"></div></td><td colspan="2"><div class="tn"><div class="_UXb _Ihd _sxc _Hhd">All</div><div class="_sxc"><a class="_UXb _Jhd" href="/search?q=NASDAQ:AMZN&amp;ie=UTF-8&amp;prmd=ivnsz&amp;source=lnms&amp;tbm=isch&amp;sa=X&amp;ved=0ahUKEwjtzYfhmeXXAhWRyIMKHdYtCNIQ_AUIBQ">Images</a></div><div class="_sxc"><a class="_UXb _Jhd" href="/search?q=NASDAQ:AMZN&amp;ie=UTF-8&amp;prmd=ivnsz&amp;source=lnms&amp;tbm=vid&amp;sa=X&amp;ved=0ahUKEwjtzYfhmeXXAhWRyIMKHdYtCNIQ_AUIBg">Videos</a></div><div class="_sxc"><a class="_UXb _Jhd" href="/search?q=NASDAQ:AMZN&amp;ie=UTF-8&amp;prmd=ivnsz&amp;source=lnms&amp;tbm=nws&amp;sa=X&amp;ved=0ahUKEwjtzYfhmeXXAhWRyIMKHdYtCNIQ_AUIBw">News</a></div><div class="_sxc"><a class="_UXb _Jhd" href="/search?q=NASDAQ:AMZN&amp;ie=UTF-8&amp;prmd=ivnsz&amp;source=lnms&amp;tbm=shop&amp;sa=X&amp;ved=0ahUKEwjtzYfhmeXXAhWRyIMKHdYtCNIQ_AUICA">Shopping</a></div><div class="_sxc"><a class="_UXb _Jhd" href="http://maps.google.com/maps?q=NASDAQ:AMZN&amp;um=1&amp;ie=UTF-8&amp;sa=X&amp;ved=0ahUKEwjtzYfhmeXXAhWRyIMKHdYtCNIQ_AUICQ">Maps</a></div><div class="_sxc"><a class="_UXb _Jhd" href="/search?q=NASDAQ:AMZN&amp;ie=UTF-8&amp;prmd=ivnsz&amp;source=lnms&amp;tbm=bks&amp;sa=X&amp;ved=0ahUKEwjtzYfhmeXXAhWRyIMKHdYtCNIQ_AUICg">Books</a></div></div><div style="border-bottom:1px solid #ebebeb;height:59px"></div></td><td><div style="border-bottom:1px solid #ebebeb;height:59px"></div></td></tr><tbody id="desktop-search"><style>._Bu,._Bu a:link,._Bu a:visited,a._Bu:link,a._Bu:visited{color:#808080}._kBb{color:#61C}.ellip{overflow:hidden;text-overflow:ellipsis;white-space:nowrap}._uXc{border:1px solid #e0e0e0;font-size:13px;margin-right:-2px;}._o0d{margin:4px 10px}._Z8d{background:white;border-bottom:0;border-left:0;border-right:0;border-top:1px solid #e0e0e0;cursor:pointer;height:40px;outline:0;width:100%}._Azf{color:#777;font-size:11px}._Azf a{color:#777;text-decoration:none}.xpdclpsbtn{}.xpdxpndbtn{}.xpdclpsbtn ._FGf{background:url(/images/nav_logo229.png) no-repeat -50px -79px;height:22px;width:64px}.xpdxpndbtn ._FGf{background:url(/images/nav_logo229.png) no-repeat -50px -102px;height:22px;width:64px}._tXc{color:#222;font-size:15px;line-height:normal;margin:12px 0}._rvh{margin:4px 0}._x8d{margin:10px;overflow:hidden;position:relative;white-space:nowrap;}._tNf{display:-moz-inline-stack;display:inline-block;position:relative;width:100%;z-index:0;}._i8d{display:-moz-inline-stack;display:inline-block;max-width:100%;overflow:hidden;}._uNf{position:absolute;right:0;z-index:1;}._B5d{border-top:1px solid #e0e0e0;color:#000;font-size:22px;margin-top:-5px;padding-top:10px}._C5d{color:#000;font-size:14px}._zdb{color:#777;margin:4px 0;overflow:hidden}._Pxg{margin-bottom:20px}._gS{color:#212121}._gF{margin:2px 0 4px;line-height:17px}._tA{color:#777}._gS{font-weight:bold}._wwh{margin-left:10px}._tce._xwh{margin-right:10px}._Nqb{color:#222;font-size:18px;margin:20px 0 8px 0}._wvh{color:#222;font-size:18px;margin:20px 10px 8px 10px}._tce{display:-moz-inline-stack;display:inline-block;margin-bottom:10px;margin-right:21px;text-align:left;vertical-align:top;}._vgc{overflow:hidden}._sce{color:#777;overflow:hidden;text-overflow:ellipsis;white-space:normal;word-wrap:break-word}._wSe{margin:6px 0 0 8px;overflow:hidden;text-overflow:ellipsis;white-space:normal;word-wrap:break-word}</style><tr><td id="leftnav" valign="top"><div><h2 class="hd">Search Options</h2><ul class="med" id="tbd"><li><ul class="tbt"><li class="tbos" id="qdr_">Any time</li><li class="tbou" id="qdr_h"><a class="q" href="/search?q=NASDAQ:AMZN&amp;ie=UTF-8&amp;prmd=ivnsz&amp;source=lnt&amp;tbs=qdr:h&amp;sa=X&amp;ved=0ahUKEwjtzYfhmeXXAhWRyIMKHdYtCNIQpwUIDw">Past hour</a></li><li class="tbou" id="qdr_d"><a class="q" href="/search?q=NASDAQ:AMZN&amp;ie=UTF-8&amp;prmd=ivnsz&amp;source=lnt&amp;tbs=qdr:d&amp;sa=X&amp;ved=0ahUKEwjtzYfhmeXXAhWRyIMKHdYtCNIQpwUIDw">Past 24 hours</a></li><li class="tbou" id="qdr_w"><a class="q" href="/search?q=NASDAQ:AMZN&amp;ie=UTF-8&amp;prmd=ivnsz&amp;source=lnt&amp;tbs=qdr:w&amp;sa=X&amp;ved=0ahUKEwjtzYfhmeXXAhWRyIMKHdYtCNIQpwUIDw">Past week</a></li><li class="tbou" id="qdr_m"><a class="q" href="/search?q=NASDAQ:AMZN&amp;ie=UTF-8&amp;prmd=ivnsz&amp;source=lnt&amp;tbs=qdr:m&amp;sa=X&amp;ved=0ahUKEwjtzYfhmeXXAhWRyIMKHdYtCNIQpwUIDw">Past month</a></li><li class="tbou" id="qdr_y"><a class="q" href="/search?q=NASDAQ:AMZN&amp;ie=UTF-8&amp;prmd=ivnsz&amp;source=lnt&amp;tbs=qdr:y&amp;sa=X&amp;ved=0ahUKEwjtzYfhmeXXAhWRyIMKHdYtCNIQpwUIDw">Past year</a></li></ul></li><li><ul class="tbt"><li class="tbos" id="li_">All results</li><li class="tbou" id="li_1"><a class="q" href="/search?q=NASDAQ:AMZN&amp;ie=UTF-8&amp;prmd=ivnsz&amp;source=lnt&amp;tbs=li:1&amp;sa=X&amp;ved=0ahUKEwjtzYfhmeXXAhWRyIMKHdYtCNIQpwUIDw">Verbatim</a></li></ul></li></ul></div></td><td valign="top"><div id="center_col"><div class="sd" id="resultStats">About 455,000 results</div><div id="res"><div id="topstuff"></div><div id="search"><div id="ires"><ol><div class="g"><div class="e"><div><h3 class="r"><a class="fl" href="http://www.google.com/finance?q=NASDAQ:AMZN&amp;sa=X&amp;ved=0ahUKEwjtzYfhmeXXAhWRyIMKHdYtCNIQowEIFDAA"><b>AMZN</b></a><span> - Amazon.com, Inc. (NASDAQ)</span></h3></div><div style="margin-top:5px"><a href="http://www.google.com/finance?q=NASDAQ:AMZN&amp;sa=X&amp;ved=0ahUKEwjtzYfhmeXXAhWRyIMKHdYtCNIQ2AEIFTAA"><img style="float:left;padding-right:20px" src="/finance/chart?cid=660463&amp;tlf=12" alt="chart" height="116" width="212"></a><table border="0" width="1%" style="display:inline-table;margin-top:-5px;padding-bottom:0"><tr><td colspan="3"><span style="font-size:157%"><b>1,161.27</b>&nbsp;<cite style="color:#cc0000"><b>-32.33</b> (2.71%)</cite></span><br><span class="f">Nov 29, 4:00 PM EST</span> - <a class="fl" href="/url?q=/intl/en_us/googlefinance/disclaimer/&amp;sa=U&amp;ved=0ahUKEwjtzYfhmeXXAhWRyIMKHdYtCNIQ1AEIFjAA&amp;usg=AOvVaw3BLJBOQcHLBBXtbM9Z6xCk">Disclaimer</a><br><span><b>1,161.50</b>&nbsp;<cite style="color:#008000"><b>+0.23</b> (0.02%) </cite>&nbsp;<span class="f">After hours</span></span></td></tr><tr><td><table border="0" cellpadding="2" cellspacing="0"><tr><td nowrap="true" style="padding-left:0"><b>Open:</b>&nbsp;</td><td align="right" nowrap="true">1,194.80</td></tr><tr><td nowrap="true" style="padding-left:0"><b>High:</b>&nbsp;</td><td align="right" nowrap="true">1,194.80</td></tr><tr><td nowrap="true" style="padding-left:0"><b>Low:</b>&nbsp;</td><td align="right" nowrap="true">1,145.19</td></tr></table></td><td width="20">&nbsp;</td><td><table border="0" cellpadding="2" cellspacing="0"><tr><td nowrap="true" style="padding-left:0"><b>Volume:</b>&nbsp;</td><td align="right" nowrap="true">9,257,512</td></tr><tr><td nowrap="true" style="padding-left:0"><b>Avg Vol:</b>&nbsp;</td><td align="right" nowrap="true">3,840,515</td></tr><tr><td nowrap="true" style="padding-left:0"><b>Mkt Cap:</b>&nbsp;</td><td align="right" nowrap="true">559.58B</td></tr></table></td></tr></table><br style="clear:both"></div><div class="_cD" style="padding-bottom:3px"><a href="/url?q=http://www.google.com/finance%3Fq%3DNASDAQ:AMZN&amp;sa=U&amp;ved=0ahUKEwjtzYfhmeXXAhWRyIMKHdYtCNIQ1wEIFygAMAA&amp;usg=AOvVaw03T6uZlx_RUygTUf6qbDq6">Google Finance</a> - <a href="/url?q=http://finance.yahoo.com/q%3Fs%3DAMZN&amp;sa=U&amp;ved=0ahUKEwjtzYfhmeXXAhWRyIMKHdYtCNIQ1wEIGCgBMAA&amp;usg=AOvVaw2Po_KNuShwQS1x-f1DXL7-">Yahoo Finance</a> - <a href="/url?q=http://investing.money.msn.com/investments/stock-price%3Fsymbol%3DUS:AMZN&amp;sa=U&amp;ved=0ahUKEwjtzYfhmeXXAhWRyIMKHdYtCNIQ1wEIGSgCMAA&amp;usg=AOvVaw2aFNEX6qI5CGeZmD-I0kab">MSN Money</a> - <a href="/url?q=http://www.dailyfinance.com/usw/quotes/quotesandnews%3Fexch%3DUSA%26sym%3DAMZN&amp;sa=U&amp;ved=0ahUKEwjtzYfhmeXXAhWRyIMKHdYtCNIQ1wEIGigDMAA&amp;usg=AOvVaw1IjwrCxuf46u7Ez15d8EEQ">DailyFinance</a> - <a href="/url?q=http://money.cnn.com/quote/quote.html%3Fsymb%3DAMZN&amp;sa=U&amp;ved=0ahUKEwjtzYfhmeXXAhWRyIMKHdYtCNIQ1wEIGygEMAA&amp;usg=AOvVaw3qVLPaZnWuGUO35TMrux4K">CNN Money</a> - <a href="/url?q=http://www.reuters.com/finance/stocks/overview%3Fsymbol%3DAMZN.O&amp;sa=U&amp;ved=0ahUKEwjtzYfhmeXXAhWRyIMKHdYtCNIQ1wEIHCgFMAA&amp;usg=AOvVaw1rTyRzWkdNUXf-8XofAgij">Reuters</a></div></div></div><div class="g"><div><h3 class="r"><a href="/search?q=NASDAQ:AMZN&amp;ie=UTF-8&amp;prmd=ivnsz&amp;source=univ&amp;tbm=nws&amp;tbo=u&amp;sa=X&amp;ved=0ahUKEwjtzYfhmeXXAhWRyIMKHdYtCNIQqAIIHg">News for <b>NASDAQ:AMZN</b></a></h3><table class="ts"><tr><td valign="top" style="font-size:78%;line-height:normal;padding:7px 8px 0 0;text-align:center"><a href="/url?q=http://www.nasdaq.com/article/notable-wednesday-option-activity-amzn-googl-goog-cm884297&amp;sa=U&amp;ved=0ahUKEwjtzYfhmeXXAhWRyIMKHdYtCNIQpwIIHw&amp;usg=AOvVaw2fxOlMTZNz8g144D6oxieu"><img class="th" height="100" src="http://t0.gstatic.com/images?q=tbn:ANd9GcS-nE79TwFzuQeLpXClM3U0qMXglLNZTAIgOTa3O-aidi-BMqMJRTcnKkvJmaQe8enYwQ" width="100" border="1"><br></a><span class="_pJb _yhd">Nasdaq</span></td><td valign="top"><div style="margin-top:5px"><a href="/url?q=http://www.nasdaq.com/article/notable-wednesday-option-activity-amzn-googl-goog-cm884297&amp;sa=U&amp;ved=0ahUKEwjtzYfhmeXXAhWRyIMKHdYtCNIQqQIIITAB&amp;usg=AOvVaw2AsiTcvgNEKJRwBDgK9UHq">Notable Wednesday Option Activity: AMZN, GOOGL, GOOG</a><div style="padding-top:2px"><cite>Nasdaq</cite><span class="f"> - <span class="nobr">8 hours ago</span><span class="nobr"></span></span></div><div class="j" style="margin-top:1px;margin-bottom:4px"><span class="st">Among the underlying components of the S&amp;P 500 index, we saw noteworthy <br>
options trading volume today in Amazon.com Inc (Symbol: <b>AMZN</b>)&nbsp;...</span></div></div><div style="margin-top:4px"><a href="/url?q=https://seekingalpha.com/news/3315182-amazon-web-services-announces-new-ai-products&amp;sa=U&amp;ved=0ahUKEwjtzYfhmeXXAhWRyIMKHdYtCNIQqQIIIzAC&amp;usg=AOvVaw1HbB7i2_tipVhpe9y_3A7Z">Amazon Web Services announces new AI products - Amazon.com, Inc. (NASDAQ:AMZN)</a><div style="padding-top:2px"><cite>Seeking Alpha</cite><span class="f"> - <span class="nobr">5 hours ago</span><span class="nobr"></span></span></div></div><div style="margin-top:4px"><a href="/url?q=http://markets.businessinsider.com/news/stocks/stock-market-news-tech-stocks-are-getting-whacked-2017-11-1009942729&amp;sa=U&amp;ved=0ahUKEwjtzYfhmeXXAhWRyIMKHdYtCNIQqQIIJTAD&amp;usg=AOvVaw3cvWUAYnmG8dPbTlV0dZon">Tech stocks are getting whacked (AMZN, AAPL, NVDA, AMD, SNAP, FB)</a><div style="padding-top:2px"><cite>Markets Insider</cite><span class="f"> - <span class="nobr">9 hours ago</span><span class="nobr"></span></span></div></div></td></tr></table></div></div><div class="g"><h3 class="r"><a href="/url?q=http://www.nasdaq.com/symbol/amzn&amp;sa=U&amp;ved=0ahUKEwjtzYfhmeXXAhWRyIMKHdYtCNIQFggnMAQ&amp;usg=AOvVaw3ZCtdWe5Uw_UocA3rUUki4"><b>AMZN</b> stock quote - Amazon.com, Inc. Common Stock ... - <b>Nasdaq</b></a></h3><div class="s"><div class="kv" style="margin-bottom:2px"><cite>www.<b>nasdaq</b>.com/symbol/<b>amzn</b></cite><div class="_nBb"><div style="display:inline" onclick="google.sham(this);" aria-expanded="false" aria-haspopup="true" tabindex="0" data-ved="0ahUKEwjtzYfhmeXXAhWRyIMKHdYtCNIQ7B0IKDAE"><span class="_O0"></span></div><div style="display:none" class="am-dropdown-menu" role="menu" tabindex="-1"><ul><li class="_Ykb"><a class="_Zkb" href="/url?q=http://webcache.googleusercontent.com/search%3Fq%3Dcache:5BXFhuhP8KsJ:http://www.nasdaq.com/symbol/amzn%252BNASDAQ:AMZN%26hl%3Den%26ct%3Dclnk&amp;sa=U&amp;ved=0ahUKEwjtzYfhmeXXAhWRyIMKHdYtCNIQIAgqMAQ&amp;usg=AOvVaw2yJ9NQ6sMd47exMc8-D02A">Cached</a></li><li class="_Ykb"><a class="_Zkb" href="/search?ie=UTF-8&amp;q=related:www.nasdaq.com/symbol/amzn+NASDAQ:AMZN&amp;tbo=1&amp;sa=X&amp;ved=0ahUKEwjtzYfhmeXXAhWRyIMKHdYtCNIQHwgrMAQ">Similar</a></li></ul></div></div></div><span class="st">Common Stock Quote &amp; Summary Data.<br>
 ... Will <b>AMZN</b> go up or down?<br>
 ... We completed our initial public offering in May 1997 and our common stock is listed on the <b>NASDAQ</b> Global Select Market under the symbol &quot;<b>AMZN</b>.&quot;</span><br></div></div><div class="g"><h3 class="r"><a href="/url?q=http://www.nasdaq.com/symbol/amzn/real-time&amp;sa=U&amp;ved=0ahUKEwjtzYfhmeXXAhWRyIMKHdYtCNIQFggtMAU&amp;usg=AOvVaw2UKHSyDt4JzRnRJDtvj40U">Amazon.com, Inc. Common Stock (<b>AMZN</b>) Real-Time ... - <b>Nasdaq</b></a></h3><div class="s"><div class="kv" style="margin-bottom:2px"><cite>www.<b>nasdaq</b>.com/symbol/<b>amzn</b>/real-time</cite><div class="_nBb"><div style="display:inline" onclick="google.sham(this);" aria-expanded="false" aria-haspopup="true" tabindex="0" data-ved="0ahUKEwjtzYfhmeXXAhWRyIMKHdYtCNIQ7B0ILjAF"><span class="_O0"></span></div><div style="display:none" class="am-dropdown-menu" role="menu" tabindex="-1"><ul><li class="_Ykb"><a class="_Zkb" href="/url?q=http://webcache.googleusercontent.com/search%3Fq%3Dcache:Z0GSKy8GUzQJ:http://www.nasdaq.com/symbol/amzn/real-time%252BNASDAQ:AMZN%26hl%3Den%26ct%3Dclnk&amp;sa=U&amp;ved=0ahUKEwjtzYfhmeXXAhWRyIMKHdYtCNIQIAgwMAU&amp;usg=AOvVaw1CpQmr4fHpzh2P9XTWcZl_">Cached</a></li><li class="_Ykb"><a class="_Zkb" href="/search?ie=UTF-8&amp;q=related:www.nasdaq.com/symbol/amzn/real-time+NASDAQ:AMZN&amp;tbo=1&amp;sa=X&amp;ved=0ahUKEwjtzYfhmeXXAhWRyIMKHdYtCNIQHwgxMAU">Similar</a></li></ul></div></div></div><span class="st"><b>AMZN</b> Real Time Stock Quote - Get Amazon.com, Inc. Common Stock (<b>AMZN</b>) <br>
last sale data in real-time at <b>NASDAQ</b>.com.</span><br></div></div><div class="g"><h3 class="r"><a href="/url?q=http://www.nasdaq.com/article/amazoncom-inc-amzn-has-climbed-to-another-new-high-20171124-00306&amp;sa=U&amp;ved=0ahUKEwjtzYfhmeXXAhWRyIMKHdYtCNIQFggzMAY&amp;usg=AOvVaw3vaUJ2c3_kdUdLSwqI4r1u">Amazon.com Inc. (<b>AMZN</b>) Has Climbed To Another New ... - <b>Nasdaq</b></a></h3><div class="s"><div class="kv" style="margin-bottom:2px"><cite>www.<b>nasdaq</b>.com/.../amazoncom-inc-<b>amzn</b>-has-climbed-to-another-new-high -20171124-00306</cite><div class="_nBb"><div style="display:inline" onclick="google.sham(this);" aria-expanded="false" aria-haspopup="true" tabindex="0" data-ved="0ahUKEwjtzYfhmeXXAhWRyIMKHdYtCNIQ7B0INDAG"><span class="_O0"></span></div><div style="display:none" class="am-dropdown-menu" role="menu" tabindex="-1"><ul><li class="_Ykb"><a class="_Zkb" href="/url?q=http://webcache.googleusercontent.com/search%3Fq%3Dcache:otvPC8CJaosJ:http://www.nasdaq.com/article/amazoncom-inc-amzn-has-climbed-to-another-new-high-20171124-00306%252BNASDAQ:AMZN%26hl%3Den%26ct%3Dclnk&amp;sa=U&amp;ved=0ahUKEwjtzYfhmeXXAhWRyIMKHdYtCNIQIAg2MAY&amp;usg=AOvVaw2bbGyLQkOJXVxSoP0p0V6e">Cached</a></li></ul></div></div></div><span class="st">5 days ago <b>...</b> (RTTNews.com) - Amazon.com Inc. ( <b>AMZN</b> ) gapped open higher Friday and has <br>
continued to rise in early trade. Shares are now up 13.67 at&nbsp;...</span><br></div></div><div class="g"><h3 class="r"><a href="/url?q=http://www.nasdaq.com/symbol/amzn/stock-report&amp;sa=U&amp;ved=0ahUKEwjtzYfhmeXXAhWRyIMKHdYtCNIQFgg5MAc&amp;usg=AOvVaw0yqXzr5rBZyLaPba6yXpcO">Amazon.com, Inc. (<b>AMZN</b>) Stock Report &#8211; <b>NASDAQ</b>.com - <b>NASDAQ</b> ...</a></h3><div class="s"><div class="kv" style="margin-bottom:2px"><cite>www.<b>nasdaq</b>.com/symbol/<b>amzn</b>/stock-report</cite><div class="_nBb"><div style="display:inline" onclick="google.sham(this);" aria-expanded="false" aria-haspopup="true" tabindex="0" data-ved="0ahUKEwjtzYfhmeXXAhWRyIMKHdYtCNIQ7B0IOjAH"><span class="_O0"></span></div><div style="display:none" class="am-dropdown-menu" role="menu" tabindex="-1"><ul><li class="_Ykb"><a class="_Zkb" href="/url?q=http://webcache.googleusercontent.com/search%3Fq%3Dcache:HscBSDhouIsJ:http://www.nasdaq.com/symbol/amzn/stock-report%252BNASDAQ:AMZN%26hl%3Den%26ct%3Dclnk&amp;sa=U&amp;ved=0ahUKEwjtzYfhmeXXAhWRyIMKHdYtCNIQIAg8MAc&amp;usg=AOvVaw1Zh5W9rOUdNiH7SwopXMX5">Cached</a></li><li class="_Ykb"><a class="_Zkb" href="/search?ie=UTF-8&amp;q=related:www.nasdaq.com/symbol/amzn/stock-report+NASDAQ:AMZN&amp;tbo=1&amp;sa=X&amp;ved=0ahUKEwjtzYfhmeXXAhWRyIMKHdYtCNIQHwg9MAc">Similar</a></li></ul></div></div></div><span class="st">Analyze Amazon.com, Inc. (<b>AMZN</b>) Company Stock Report - Get free stock <br>
reports for Amazon.com, Inc. and all the companies you research at <b>NASDAQ</b>.<br>
com.</span><br></div></div><div class="g"><h3 class="r"><a href="/url?q=http://www.nasdaq.com/symbol/amzn/news-headlines&amp;sa=U&amp;ved=0ahUKEwjtzYfhmeXXAhWRyIMKHdYtCNIQFgg_MAg&amp;usg=AOvVaw2-NtAEwyWENZWQH6hGAr3Y">Amazon.com, Inc. (<b>AMZN</b>) News Headlines - <b>NASDAQ</b>.com</a></h3><div class="s"><div class="kv" style="margin-bottom:2px"><cite>www.<b>nasdaq</b>.com/symbol/<b>amzn</b>/news-headlines</cite><div class="_nBb"><div style="display:inline" onclick="google.sham(this);" aria-expanded="false" aria-haspopup="true" tabindex="0" data-ved="0ahUKEwjtzYfhmeXXAhWRyIMKHdYtCNIQ7B0IQDAI"><span class="_O0"></span></div><div style="display:none" class="am-dropdown-menu" role="menu" tabindex="-1"><ul><li class="_Ykb"><a class="_Zkb" href="/url?q=http://webcache.googleusercontent.com/search%3Fq%3Dcache:QeDsKpIPK7YJ:http://www.nasdaq.com/symbol/amzn/news-headlines%252BNASDAQ:AMZN%26hl%3Den%26ct%3Dclnk&amp;sa=U&amp;ved=0ahUKEwjtzYfhmeXXAhWRyIMKHdYtCNIQIAhCMAg&amp;usg=AOvVaw3Nb5mcGIXrhuRBEDCjntFM">Cached</a></li><li class="_Ykb"><a class="_Zkb" href="/search?ie=UTF-8&amp;q=related:www.nasdaq.com/symbol/amzn/news-headlines+NASDAQ:AMZN&amp;tbo=1&amp;sa=X&amp;ved=0ahUKEwjtzYfhmeXXAhWRyIMKHdYtCNIQHwhDMAg">Similar</a></li></ul></div></div></div><span class="st">Amazon.com, Inc. (<b>AMZN</b>) News &#8211; Find the latest company news headlines for <br>
Amazon.com, Inc. and all the companies you research at <b>NASDAQ</b>.com.</span><br></div></div><div class="g"><h3 class="r"><a href="/url?q=http://www.nasdaq.com/symbol/amzn/analyst-research&amp;sa=U&amp;ved=0ahUKEwjtzYfhmeXXAhWRyIMKHdYtCNIQFghFMAk&amp;usg=AOvVaw3G9v9xXDshYbsZy4PBvQuX">Amazon.com, Inc. (<b>AMZN</b>) Analyst Research - <b>NASDAQ</b>.com</a></h3><div class="s"><div class="kv" style="margin-bottom:2px"><cite>www.<b>nasdaq</b>.com/symbol/<b>amzn</b>/analyst-research</cite><div class="_nBb"><div style="display:inline" onclick="google.sham(this);" aria-expanded="false" aria-haspopup="true" tabindex="0" data-ved="0ahUKEwjtzYfhmeXXAhWRyIMKHdYtCNIQ7B0IRjAJ"><span class="_O0"></span></div><div style="display:none" class="am-dropdown-menu" role="menu" tabindex="-1"><ul><li class="_Ykb"><a class="_Zkb" href="/url?q=http://webcache.googleusercontent.com/search%3Fq%3Dcache:_szCPrwakHkJ:http://www.nasdaq.com/symbol/amzn/analyst-research%252BNASDAQ:AMZN%26hl%3Den%26ct%3Dclnk&amp;sa=U&amp;ved=0ahUKEwjtzYfhmeXXAhWRyIMKHdYtCNIQIAhIMAk&amp;usg=AOvVaw3USajPShBI20qA3Db6ab6Z">Cached</a></li><li class="_Ykb"><a class="_Zkb" href="/search?ie=UTF-8&amp;q=related:www.nasdaq.com/symbol/amzn/analyst-research+NASDAQ:AMZN&amp;tbo=1&amp;sa=X&amp;ved=0ahUKEwjtzYfhmeXXAhWRyIMKHdYtCNIQHwhJMAk">Similar</a></li></ul></div></div></div><span class="st">Find the latest analyst research for Amazon.com, Inc. (<b>AMZN</b>) at <b>NASDAQ</b>.com.</span><br></div></div><div class="g"><h3 class="r"><a href="/url?q=http://www.nasdaq.com/symbol/amzn/stock-chart&amp;sa=U&amp;ved=0ahUKEwjtzYfhmeXXAhWRyIMKHdYtCNIQFghLMAo&amp;usg=AOvVaw2tXGUDWwWMcc37_VyTYO6G">Amazon.com, Inc. (<b>AMZN</b>) Stock Chart - <b>NASDAQ</b>.com</a></h3><div class="s"><div class="kv" style="margin-bottom:2px"><cite>www.<b>nasdaq</b>.com/symbol/<b>amzn</b>/stock-chart</cite><div class="_nBb"><div style="display:inline" onclick="google.sham(this);" aria-expanded="false" aria-haspopup="true" tabindex="0" data-ved="0ahUKEwjtzYfhmeXXAhWRyIMKHdYtCNIQ7B0ITDAK"><span class="_O0"></span></div><div style="display:none" class="am-dropdown-menu" role="menu" tabindex="-1"><ul><li class="_Ykb"><a class="_Zkb" href="/url?q=http://webcache.googleusercontent.com/search%3Fq%3Dcache:-PrvcfIdAVgJ:http://www.nasdaq.com/symbol/amzn/stock-chart%252BNASDAQ:AMZN%26hl%3Den%26ct%3Dclnk&amp;sa=U&amp;ved=0ahUKEwjtzYfhmeXXAhWRyIMKHdYtCNIQIAhOMAo&amp;usg=AOvVaw1-fXXv7MEZAsSMFt5Jdc9Y">Cached</a></li><li class="_Ykb"><a class="_Zkb" href="/search?ie=UTF-8&amp;q=related:www.nasdaq.com/symbol/amzn/stock-chart+NASDAQ:AMZN&amp;tbo=1&amp;sa=X&amp;ved=0ahUKEwjtzYfhmeXXAhWRyIMKHdYtCNIQHwhPMAo">Similar</a></li></ul></div></div></div><span class="st">Amazon.com, Inc. (<b>AMZN</b>) Stock Chart - Get stock charts for Amazon.com, Inc.at <br>
<b>NASDAQ</b>.com.</span><br></div></div><div class="g"><h3 class="r"><a href="/url?q=https://finance.yahoo.com/quote/AMZN%3Fp%3DAMZN&amp;sa=U&amp;ved=0ahUKEwjtzYfhmeXXAhWRyIMKHdYtCNIQFghRMAs&amp;usg=AOvVaw3UVZ07PUe4Kg2u_YLxOamC"><b>AMZN</b> : Summary for Amazon.com, Inc. - Yahoo Finance</a></h3><div class="s"><div class="kv" style="margin-bottom:2px"><cite>https://finance.yahoo.com/quote/<b>AMZN</b>?p=<b>AMZN</b></cite><div class="_nBb"><div style="display:inline" onclick="google.sham(this);" aria-expanded="false" aria-haspopup="true" tabindex="0" data-ved="0ahUKEwjtzYfhmeXXAhWRyIMKHdYtCNIQ7B0IUjAL"><span class="_O0"></span></div><div style="display:none" class="am-dropdown-menu" role="menu" tabindex="-1"><ul><li class="_Ykb"><a class="_Zkb" href="/url?q=http://webcache.googleusercontent.com/search%3Fq%3Dcache:ITPBhX4FWhQJ:https://finance.yahoo.com/quote/AMZN%3Fp%253DAMZN%252BNASDAQ:AMZN%26hl%3Den%26ct%3Dclnk&amp;sa=U&amp;ved=0ahUKEwjtzYfhmeXXAhWRyIMKHdYtCNIQIAhUMAs&amp;usg=AOvVaw2t2dYCISxMREyFmeiRQRA5">Cached</a></li><li class="_Ykb"><a class="_Zkb" href="/search?ie=UTF-8&amp;q=related:https://finance.yahoo.com/quote/AMZN%3Fp%3DAMZN+NASDAQ:AMZN&amp;tbo=1&amp;sa=X&amp;ved=0ahUKEwjtzYfhmeXXAhWRyIMKHdYtCNIQHwhVMAs">Similar</a></li></ul></div></div></div><span class="st">View the basic <b>AMZN</b> stock chart on Yahoo Finance. Change the date range, <br>
chart type and compare Amazon.com, Inc. against other companies.</span><br></div></div><div class="g"><h3 class="r"><a href="/url?q=https://finance.yahoo.com/quote/AMZN/&amp;sa=U&amp;ved=0ahUKEwjtzYfhmeXXAhWRyIMKHdYtCNIQFghXMAw&amp;usg=AOvVaw24cBFUz5oMk8n8KoaOHJKU"><b>AMZN</b> 1,197.84 11.84 1.00% : Amazon.com, Inc. - Yahoo Finance</a></h3><div class="s"><div class="kv" style="margin-bottom:2px"><cite>https://finance.yahoo.com/quote/<b>AMZN</b>/</cite><div class="_nBb"><div style="display:inline" onclick="google.sham(this);" aria-expanded="false" aria-haspopup="true" tabindex="0" data-ved="0ahUKEwjtzYfhmeXXAhWRyIMKHdYtCNIQ7B0IWDAM"><span class="_O0"></span></div><div style="display:none" class="am-dropdown-menu" role="menu" tabindex="-1"><ul><li class="_Ykb"><a class="_Zkb" href="/url?q=http://webcache.googleusercontent.com/search%3Fq%3Dcache:pnD5eCMYD-EJ:https://finance.yahoo.com/quote/AMZN/%252BNASDAQ:AMZN%26hl%3Den%26ct%3Dclnk&amp;sa=U&amp;ved=0ahUKEwjtzYfhmeXXAhWRyIMKHdYtCNIQIAhaMAw&amp;usg=AOvVaw0C5lyGy7cOvKI4FBzF1vsg">Cached</a></li><li class="_Ykb"><a class="_Zkb" href="/search?ie=UTF-8&amp;q=related:https://finance.yahoo.com/quote/AMZN/+NASDAQ:AMZN&amp;tbo=1&amp;sa=X&amp;ved=0ahUKEwjtzYfhmeXXAhWRyIMKHdYtCNIQHwhbMAw">Similar</a></li></ul></div></div></div><span class="st">View the basic <b>AMZN</b> stock chart on Yahoo Finance. Change the date range, <br>
chart type and compare Amazon.com, Inc. against other companies.</span><br></div></div></ol></div></div></div><div style="clear:both;margin-bottom:17px;overflow:hidden"><div style="font-size:16px;padding:0 8px 1px">Searches related to <b>NASDAQ:AMZN</b></div><table border="0" cellpadding="0" cellspacing="0"><tr><td valign="top"><p class="_Bmc" style="margin:3px 8px"><a href="/search?ie=UTF-8&amp;q=nasdaq:googl&amp;sa=X&amp;ved=0ahUKEwjtzYfhmeXXAhWRyIMKHdYtCNIQ1QIIXigA"><b>nasdaq:googl</b></a></p></td><td valign="top" style="padding-left:10px"><p class="_Bmc" style="margin:3px 8px"><a href="/search?ie=UTF-8&amp;q=amazon+stock+split&amp;sa=X&amp;ved=0ahUKEwjtzYfhmeXXAhWRyIMKHdYtCNIQ1QIIXygB"><b>amazon stock split</b></a></p></td></tr><tr><td valign="top"><p class="_Bmc" style="margin:3px 8px"><a href="/search?ie=UTF-8&amp;q=amazon+stock+buy+or+sell&amp;sa=X&amp;ved=0ahUKEwjtzYfhmeXXAhWRyIMKHdYtCNIQ1QIIYCgC"><b>amazon stock buy or sell</b></a></p></td><td valign="top" style="padding-left:10px"><p class="_Bmc" style="margin:3px 8px"><a href="/search?ie=UTF-8&amp;q=alphabet+stock+price&amp;sa=X&amp;ved=0ahUKEwjtzYfhmeXXAhWRyIMKHdYtCNIQ1QIIYSgD"><b>alphabet stock price</b></a></p></td></tr><tr><td valign="top"><p class="_Bmc" style="margin:3px 8px"><a href="/search?ie=UTF-8&amp;q=amazon+stock+price+prediction&amp;sa=X&amp;ved=0ahUKEwjtzYfhmeXXAhWRyIMKHdYtCNIQ1QIIYigE"><b>amazon stock price prediction</b></a></p></td><td valign="top" style="padding-left:10px"><p class="_Bmc" style="margin:3px 8px"><a href="/search?ie=UTF-8&amp;q=amazon+stock+price+history&amp;sa=X&amp;ved=0ahUKEwjtzYfhmeXXAhWRyIMKHdYtCNIQ1QIIYygF"><b>amazon stock price history</b></a></p></td></tr><tr><td valign="top"><p class="_Bmc" style="margin:3px 8px"><a href="/search?ie=UTF-8&amp;q=nasdaq:nflx&amp;sa=X&amp;ved=0ahUKEwjtzYfhmeXXAhWRyIMKHdYtCNIQ1QIIZCgG"><b>nasdaq:nflx</b></a></p></td><td valign="top" style="padding-left:10px"><p class="_Bmc" style="margin:3px 8px"><a href="/search?ie=UTF-8&amp;q=amzn+earnings&amp;sa=X&amp;ved=0ahUKEwjtzYfhmeXXAhWRyIMKHdYtCNIQ1QIIZSgH">amzn <b>earnings</b></a></p></td></tr></table></div></div><div id="foot"><table align="center" border="0" cellpadding="0" cellspacing="0" id="nav"><tr valign="top"><td align="left" class="b"><span class="csb" style="background-position:-24px 0;width:28px"></span><b></b></td><td><span class="csb" style="background-position:-53px 0;width:20px"></span><b>1</b></td><td><a class="fl" href="/search?q=NASDAQ:AMZN&amp;ie=UTF-8&amp;prmd=ivnsz&amp;ei=IWYfWq25E5GRjwTW26CQDQ&amp;start=10&amp;sa=N"><span class="csb" style="background-position:-74px 0;width:20px"></span>2</a></td><td><a class="fl" href="/search?q=NASDAQ:AMZN&amp;ie=UTF-8&amp;prmd=ivnsz&amp;ei=IWYfWq25E5GRjwTW26CQDQ&amp;start=20&amp;sa=N"><span class="csb" style="background-position:-74px 0;width:20px"></span>3</a></td><td><a class="fl" href="/search?q=NASDAQ:AMZN&amp;ie=UTF-8&amp;prmd=ivnsz&amp;ei=IWYfWq25E5GRjwTW26CQDQ&amp;start=30&amp;sa=N"><span class="csb" style="background-position:-74px 0;width:20px"></span>4</a></td><td><a class="fl" href="/search?q=NASDAQ:AMZN&amp;ie=UTF-8&amp;prmd=ivnsz&amp;ei=IWYfWq25E5GRjwTW26CQDQ&amp;start=40&amp;sa=N"><span class="csb" style="background-position:-74px 0;width:20px"></span>5</a></td><td><a class="fl" href="/search?q=NASDAQ:AMZN&amp;ie=UTF-8&amp;prmd=ivnsz&amp;ei=IWYfWq25E5GRjwTW26CQDQ&amp;start=50&amp;sa=N"><span class="csb" style="background-position:-74px 0;width:20px"></span>6</a></td><td><a class="fl" href="/search?q=NASDAQ:AMZN&amp;ie=UTF-8&amp;prmd=ivnsz&amp;ei=IWYfWq25E5GRjwTW26CQDQ&amp;start=60&amp;sa=N"><span class="csb" style="background-position:-74px 0;width:20px"></span>7</a></td><td><a class="fl" href="/search?q=NASDAQ:AMZN&amp;ie=UTF-8&amp;prmd=ivnsz&amp;ei=IWYfWq25E5GRjwTW26CQDQ&amp;start=70&amp;sa=N"><span class="csb" style="background-position:-74px 0;width:20px"></span>8</a></td><td><a class="fl" href="/search?q=NASDAQ:AMZN&amp;ie=UTF-8&amp;prmd=ivnsz&amp;ei=IWYfWq25E5GRjwTW26CQDQ&amp;start=80&amp;sa=N"><span class="csb" style="background-position:-74px 0;width:20px"></span>9</a></td><td><a class="fl" href="/search?q=NASDAQ:AMZN&amp;ie=UTF-8&amp;prmd=ivnsz&amp;ei=IWYfWq25E5GRjwTW26CQDQ&amp;start=90&amp;sa=N"><span class="csb" style="background-position:-74px 0;width:20px"></span>10</a></td><td class="b" style="text-align:left"><a class="fl" href="/search?q=NASDAQ:AMZN&amp;ie=UTF-8&amp;prmd=ivnsz&amp;ei=IWYfWq25E5GRjwTW26CQDQ&amp;start=10&amp;sa=N" style="text-align:left"><span class="csb" style="background-position:-96px 0;width:71px"></span><span style="display:block;margin-left:53px">Next</span></a></td></tr></table><p class="_cD" id="bfl" style="margin:19px 0 0;text-align:center"><a href="/advanced_search?q=NASDAQ:AMZN&amp;ie=UTF-8&amp;prmd=ivnsz">Advanced search</a><a href="/support/websearch/bin/answer.py?answer=134479&amp;hl=en">Search Help</a> <a href="/tools/feedback/survey/html?productId=196&amp;query=NASDAQ:AMZN&amp;hl=en">Send feedback</a></p><div class="_cD" id="fll" style="margin:19px auto 19px auto;text-align:center"><a href="/">Google&nbsp;Home</a> <a href="/intl/en/ads">Advertising&nbsp;Programs</a> <a href="/services">Business Solutions</a> <a href="/intl/en/policies/privacy/">Privacy</a> <a href="/intl/en/policies/terms/">Terms</a> <a href="/intl/en/about.html">About Google</a></div></div></td><td id="rhs_block" valign="top"><ol><div class="g"><div class="_uXc hp-xpdbox"><div class="_x8d" style="float:right"><div class="_i8d" style="height:18px;width:86px"><a href="/url?q=https://www.amazon.com/&amp;sa=U&amp;ved=0ahUKEwjtzYfhmeXXAhWRyIMKHdYtCNIQndQBCG8wDQ&amp;usg=AOvVaw25eOnacw4IkkWP430kbDdx"><img src="http://t0.gstatic.com/images?q=tbn:ANd9GcQV19xLZyXUzSt7o8zSL5iCMFBEEcrx9bETJha-hF1TPiGF0v_oMpGpsQ" style="margin-left:0px;margin-right:0px" title="https://www.amazon.com/" alt="Image result for NASDAQ:AMZN"></a></div></div><div class="_o0d"><div><div class="_B5d">Amazon.com</div><div class="_zdb _Pxg">Electronic commerce company</div></div></div><div class="_o0d"><div class="_tXc"><span>Amazon.com, Inc., doing business as Amazon, is an American electronic commerce and cloud computing company based in Seattle, Washington that was founded by Jeff Bezos on July 5, 1994. <a class="fl" href="/url?q=https://en.wikipedia.org/wiki/Amazon_(company)&amp;sa=U&amp;ved=0ahUKEwjtzYfhmeXXAhWRyIMKHdYtCNIQmhMIdSgAMA8&amp;usg=AOvVaw1hJZAhu9ZX7gjW1j0jxkew">Wikipedia</a></span></div></div><div class="_o0d" style="display:none"></div><div class="_o0d"><div class="_gF"><span class="_gS">Customer service: </span><span class="_tA">1 (888) 280-4331</span></div></div><div class="_o0d"><span class="_gS">Headquarters: </span><span class="_tA"><a class="_tA fl" href="/search?ie=UTF-8&amp;q=Seattle&amp;stick=H4sIAAAAAAAAAOPgE-LQz9U3yE3PTlcCs1Iss4q0tLKTrfTzi9IT8zKrEksy8_NQOFYZqYkphaWJRSWpRcUAiD5KFkIAAAA&amp;sa=X&amp;ved=0ahUKEwjtzYfhmeXXAhWRyIMKHdYtCNIQmxMIfCgAMBI">Seattle, WA</a></span></div><div class="_o0d"><span class="_gS">Founder: </span><span class="_tA"><a class="_tA fl" href="/search?ie=UTF-8&amp;q=Jeff+Bezos&amp;stick=H4sIAAAAAAAAAOPgE-LQz9U3yE3PTlfiBLEMDavMLLXUs5Ot9JNKizPzUouL4Yz4_ILUosSSzPw8q7T80ryU1CIAOVGtu0AAAAA&amp;sa=X&amp;ved=0ahUKEwjtzYfhmeXXAhWRyIMKHdYtCNIQmxMIfygAMBM">Jeff Bezos</a></span></div><div class="_o0d"><span class="_gS">Founded: </span><span class="_tA">July 5, 1994, <a class="_tA fl" href="/search?ie=UTF-8&amp;q=Seattle&amp;stick=H4sIAAAAAAAAAOPgE-LQz9U3yE3PTlcCs1Iss4q0VLOTrfTzi9IT8zKrEksy8_NQOFZp-aV5KakpAN2Z8Io9AAAA&amp;sa=X&amp;ved=0ahUKEwjtzYfhmeXXAhWRyIMKHdYtCNIQmxMIggEoADAU">Seattle, WA</a></span></div><div class="_o0d"><span class="_gS">Subsidiaries: </span><span class="_tA"><a class="_tA fl" href="/search?ie=UTF-8&amp;q=Audible&amp;stick=H4sIAAAAAAAAAOPgE-LQz9U3yE3PTlfiBLFMq4zSs7Q0M8qt9JPzc3JSk0sy8_P084vSE_MyqxJBnGKr4tKk4syUzMSizNRiAFJk34ZCAAAA&amp;sa=X&amp;ved=0ahUKEwjtzYfhmeXXAhWRyIMKHdYtCNIQmxMIhQEoADAV">Audible Inc.</a>, <a class="_tA fl" href="/search?ie=UTF-8&amp;q=Whole+Foods+Market&amp;stick=H4sIAAAAAAAAAOPgE-LQz9U3yE3PTlfiBLGMKtKMcrQ0M8qt9JPzc3JSk0sy8_P084vSE_MyqxJBnGKr4tKk4syUzMSizNRiACOKhBtCAAAA&amp;sa=X&amp;ved=0ahUKEwjtzYfhmeXXAhWRyIMKHdYtCNIQmxMIhgEoATAV">Whole Foods Market</a>, <a class="_tA fl" href="/search?ie=UTF-8&amp;q=Zappos&amp;stick=H4sIAAAAAAAAAOPgE-LQz9U3yE3PTlfiBLGMUtKSLLU0M8qt9JPzc3JSk0sy8_P084vSE_MyqxJBnGKr4tKk4syUzMSizNRiADgb2KBCAAAA&amp;sa=X&amp;ved=0ahUKEwjtzYfhmeXXAhWRyIMKHdYtCNIQmxMIhwEoAjAV">Zappos</a></span><span>, <a class="fl" href="/search?ie=UTF-8&amp;q=amazon+com+subsidiaries&amp;stick=H4sIAAAAAAAAAOPgE-LQz9U3yE3PTtfSzCi30k_Oz8lJTS7JzM_Tzy9KT8zLrEoEcYqtikuTijNTMhOLMlOLAZDbl2U3AAAA">More</a></span></div><div class="_o0d"><span class="_gS">Did you know: </span><span class="_tA">Amazon is the world's largest internet company by revenue.</span></div><div class="_rvh"><div class="_wvh">People also search for</div><div class="_wwh _tce" style="width:72px"><div class="_vgc" style="height:72px"><a class="_rce" href="/search?ie=UTF-8&amp;q=Walmart&amp;stick=H4sIAAAAAAAAAONgFuLQz9U3yE3PTlcCsyxMDMu0-J3zcwsS8yqDM1NSyxMriwHR0rJFJwAAAA&amp;sa=X&amp;ved=0ahUKEwjtzYfhmeXXAhWRyIMKHdYtCNIQsQ4IjQEwFw"><img alt="Walmart" height="22px" src="http://t1.gstatic.com/images?q=tbn:ANd9GcSVP9Yh4hu3hvWmjVaO-CwfqxWTNRDDkDRyVQdNv6dwuaSs5F9ji5ac" style="margin-top:25px" title="Walmart" width="72px"></a></div><div class="_wSe"><a class="fl" href="/search?ie=UTF-8&amp;q=Walmart&amp;stick=H4sIAAAAAAAAAONgFuLQz9U3yE3PTlcCsyxMDMu0-J3zcwsS8yqDM1NSyxMriwHR0rJFJwAAAA&amp;sa=X&amp;ved=0ahUKEwjtzYfhmeXXAhWRyIMKHdYtCNIQxA0IjgEwFw" title="Walmart">Walmart</a><div class="_sce" title="Walmart"></div></div></div><div class="_tce" style="width:72px"><div class="_vgc" style="height:72px"><a class="_rce" href="/search?ie=UTF-8&amp;q=eBay&amp;stick=H4sIAAAAAAAAAONgFuLQz9U3yE3PTlcCs6osDZK1-J3zcwsS8yqDM1NSyxMriwFXJX3-JwAAAA&amp;sa=X&amp;ved=0ahUKEwjtzYfhmeXXAhWRyIMKHdYtCNIQsQ4IkAEwFw"><img alt="eBay" height="38px" src="http://t2.gstatic.com/images?q=tbn:ANd9GcR0ZBlewswiMGzsHdxBsTSUnWRWzzI6mFE8mxZCKXnGfeAyeJjkglVr" style="margin-top:17px" title="eBay" width="72px"></a></div><div class="_wSe"><a class="fl" href="/search?ie=UTF-8&amp;q=eBay&amp;stick=H4sIAAAAAAAAAONgFuLQz9U3yE3PTlcCs6osDZK1-J3zcwsS8yqDM1NSyxMriwFXJX3-JwAAAA&amp;sa=X&amp;ved=0ahUKEwjtzYfhmeXXAhWRyIMKHdYtCNIQxA0IkQEwFw" title="eBay">eBay</a><div class="_sce" title="eBay"></div></div></div><div class="_xwh _tce" style="width:72px"><div class="_vgc" style="height:72px"><a class="_rce" href="/search?ie=UTF-8&amp;q=Netflix&amp;stick=H4sIAAAAAAAAAONgFuLQz9U3yE3PTlfiBLEMzYvS4rX4nfNzCxLzKoMzU1LLEyuLAX3lJZYoAAAA&amp;sa=X&amp;ved=0ahUKEwjtzYfhmeXXAhWRyIMKHdYtCNIQsQ4IkwEwFw"><img alt="Netflix" height="72px" src="http://t1.gstatic.com/images?q=tbn:ANd9GcTTbdi_taqzv6yimdvpTYgngZvX4e14k5cfDOfraTNjSZVtVh7H--E" title="Netflix" width="72px"></a></div><div class="_wSe"><a class="fl" href="/search?ie=UTF-8&amp;q=Netflix&amp;stick=H4sIAAAAAAAAAONgFuLQz9U3yE3PTlfiBLEMzYvS4rX4nfNzCxLzKoMzU1LLEyuLAX3lJZYoAAAA&amp;sa=X&amp;ved=0ahUKEwjtzYfhmeXXAhWRyIMKHdYtCNIQxA0IlAEwFw" title="Netflix">Netflix</a><div class="_sce" title="Netflix"></div></div></div><br><div class="_wwh _tce" style="width:72px"><div class="_vgc" style="height:72px"><a class="_rce" href="/search?ie=UTF-8&amp;q=Flipkart&amp;stick=H4sIAAAAAAAAAONgFuLQz9U3yE3PTlfiArGSi1KqKgq0-J3zcwsS8yqDM1NSyxMriwFrb-FYKQAAAA&amp;sa=X&amp;ved=0ahUKEwjtzYfhmeXXAhWRyIMKHdYtCNIQsQ4IlgEwFw"><img alt="Flipkart" height="20px" src="http://t0.gstatic.com/images?q=tbn:ANd9GcR2wwnpg0mdL1i5D_aIe4cb37_x4hhVFpZCf2ZxXadgKBjBLXJYR2KX" style="margin-top:26px" title="Flipkart" width="72px"></a></div><div class="_wSe"><a class="fl" href="/search?ie=UTF-8&amp;q=Flipkart&amp;stick=H4sIAAAAAAAAAONgFuLQz9U3yE3PTlfiArGSi1KqKgq0-J3zcwsS8yqDM1NSyxMriwFrb-FYKQAAAA&amp;sa=X&amp;ved=0ahUKEwjtzYfhmeXXAhWRyIMKHdYtCNIQxA0IlwEwFw" title="Flipkart">Flipkart</a><div class="_sce" title="Flipkart"></div></div></div><div class="_tce" style="width:72px"><div class="_vgc" style="height:72px"><a class="_rce" href="/search?ie=UTF-8&amp;q=alibaba&amp;stick=H4sIAAAAAAAAAONgFuLQz9U3yE3PTlfiArHMi82SS3K0-J3zcwsS8yqDM1NSyxMriwGAGAXaKQAAAA&amp;sa=X&amp;ved=0ahUKEwjtzYfhmeXXAhWRyIMKHdYtCNIQsQ4ImQEwFw"><img alt="Alibaba Group" height="30px" src="http://t3.gstatic.com/images?q=tbn:ANd9GcSzWV0y6NAoKvPzZdEFdCFYGVKSBUz3-BfgZOsRXyqPWllrxHpb2JI2" style="margin-top:21px" title="Alibaba Group" width="72px"></a></div><div class="_wSe"><a class="fl" href="/search?ie=UTF-8&amp;q=alibaba&amp;stick=H4sIAAAAAAAAAONgFuLQz9U3yE3PTlfiArHMi82SS3K0-J3zcwsS8yqDM1NSyxMriwGAGAXaKQAAAA&amp;sa=X&amp;ved=0ahUKEwjtzYfhmeXXAhWRyIMKHdYtCNIQxA0ImgEwFw" title="Alibaba Group">Alibaba Group</a><div class="_sce" title="Alibaba Group"></div></div></div><div class="_xwh _tce" style="width:72px"><div class="_vgc" style="height:72px"><a class="_rce" href="/search?ie=UTF-8&amp;q=Audible&amp;stick=H4sIAAAAAAAAAONgFuLQz9U3yE3PTlfiBLFMq4zSs7T4nfNzCxLzKoMzU1LLEyuLAV4QseMoAAAA&amp;sa=X&amp;ved=0ahUKEwjtzYfhmeXXAhWRyIMKHdYtCNIQsQ4InAEwFw"><img alt="Audible Inc." height="30px" src="http://t1.gstatic.com/images?q=tbn:ANd9GcSlmtBc0r6iFgP8Pc4XCEXKJ4sn4xvnNzJYvD39NifwxYLIsQ_xthnX" style="margin-top:21px" title="Audible Inc." width="72px"></a></div><div class="_wSe"><a class="fl" href="/search?ie=UTF-8&amp;q=Audible&amp;stick=H4sIAAAAAAAAAONgFuLQz9U3yE3PTlfiBLFMq4zSs7T4nfNzCxLzKoMzU1LLEyuLAV4QseMoAAAA&amp;sa=X&amp;ved=0ahUKEwjtzYfhmeXXAhWRyIMKHdYtCNIQxA0InQEwFw" title="Audible Inc.">Audible Inc.</a><div class="_sce" title="Audible Inc."></div></div></div><br></div></div></div></ol></td></tr></tbody></table><script type="text/javascript">(function(){var eventid='IWYfWq25E5GRjwTW26CQDQ';google.kEI = eventid;})();</script><script src="/xjs/_/js/k=xjs.hp.en_US._et4UJgHZ58.O/m=sb_he,d/rt=j/d=1/t=zcms/rs=ACT90oGGs87tyW32hsHrN4LD0t8BV6joDA"></script><script type="text/javascript">google.ac&&google.ac.c({"agen":true,"cgen":true,"client":"heirloom-serp","dh":true,"dhqt":true,"ds":"","fl":true,"host":"google.com","isbh":28,"jam":0,"jsonp":true,"msgs":{"cibl":"Clear Search","dym":"Did you mean:","lcky":"I\u0026#39;m Feeling Lucky","lml":"Learn more","oskt":"Input tools","psrc":"This search was removed from your \u003Ca href=\"/history\"\u003EWeb History\u003C/a\u003E","psrl":"Remove","sbit":"Search by image","srch":"Google Search"},"nds":true,"ovr":{},"pq":"NASDAQ:AMZN","refpd":true,"rfs":["nasdaq:googl","amazon stock buy or sell","amazon stock price prediction","nasdaq:nflx","amazon stock split","alphabet stock price","amazon stock price history","amzn earnings"],"sbpl":24,"sbpr":24,"scd":10,"sce":5,"stok":"t_Wp5AwaV3ZRaBDAOwwyJSn0C3c"})</script><script>(function(){window.google.cdo={height:0,width:0};(function(){var a=window.innerWidth,b=window.innerHeight;if(!a||!b){var c=window.document,d="CSS1Compat"==c.compatMode?c.documentElement:c.body;a=d.clientWidth;b=d.clientHeight}a&&b&&(a!=google.cdo.width||b!=google.cdo.height)&&google.log("","","/client_204?&atyp=i&biw="+a+"&bih="+b+"&ei="+google.kEI);}).call(this);})();</script></body></html>